"scenario_id","mode","cefr","title","npc_role","setting","user_turns","npc_lines","model_answers","turkish_hints","naturalness_1_5","grammar_ok","cultural_fit_ok","reviewer_notes"
"airport.44.1","airport","A2","Check-in + Bagaj","Check-in Agent","Airline check-in counter","3","Good morning. Passport and ticket, please. Where are you flying today? || Great. Any bags to check today? || Please place it on the belt. Do you have any liquids, batteries, or sharp objects in your carry-on?","Hi, checking in for TK0001 to Istanbul. Here's my passport. || One bag to check, and a carry-on. || No liquids — just my laptop and charger.","Net aç: 'Hi, checking in for TK0001 to Istanbul. Here's my passport.' || Sayı + 'to check' + carry-on: 'One bag to check, and a carry-on.' || Net cevap: 'No liquids — just my laptop and charger.' veya 'All liquids under 100ml.'","","","",""
"airport.44.14","airport","B1","Aktarmayı Kaçırdım — Rebook İste","Airline Service Agent","Lufthansa transfer desk, late evening, busy","3","Next, please. How can I help? || Sorry to hear that. What was your original flight number? || I see. The next flight is tomorrow morning at 8am. Does that work? || Nothing earlier, I'm afraid. Since this is our delay, you get a hotel voucher.","Hi, I missed my connection to Istanbul because the first flight was delayed. || LH9, from Istanbul to Frankfurt, then LH600 to Boston. || Anything earlier tonight, or do I have to wait until morning?","Sakin aç: 'Hi, I missed my connection to Istanbul because the first flight was delayed.' Suçlama yok, bilgi ver. || Uçuş numarası ver: 'LH9, from Istanbul to Frankfurt, then LH600 to Boston.' || Daha erken sor: 'Anything earlier tonight, or do I have to wait until morning?'","","","",""
"airport.44.19","airport","C2","Upgrade İste — Long-haul Rahatlığı","Check-in Agent","Premium check-in counter, calm afternoon","3","Good afternoon. Checking in for New York? || We do have a couple of seats open in business. Were you looking to upgrade? || Cash upgrade is 1,200 dollars. Or 60,000 miles if you're with our program. || Premium economy is 350 dollars. Includes lounge access, priority boarding, and a better meal.","Yes, checking in for TK1 to JFK. By any chance, is there any upgrade availability today? || Yes, if possible — what are my options to upgrade? || Hmm — what about premium economy as a middle option?","Check-in + soru için köprü: 'Yes, checking in for TK1 to JFK. By any chance, is there any upgrade availability today?' || Kibar + meraklı: 'Yes, if possible — what are my options to upgrade?' 'I want upgrade' kaba. || Pazarlık: 'Hmm — what about premium economy as a middle option?' Mil sor: 'Could I use my miles instead?'","","","",""
"arc.apartment_hunt.1","arc","A2","Sahne 1 — Daniel'a ilk arama: budget + criteria","Daniel (estate agent, efficient)","Phone call to Foxtons Shoreditch, Tuesday morning","3","Foxtons, Daniel speaking. What can I help with? || Sure — budget? || Areas you're looking at?","Looking for a one-bed, starting next month. || Up to £1800 PCM. || Zone 1 or 2, near Liverpool Street.","Net açılış: 'Looking for a one-bed, starting next month.' Türk: 'I need house' eksik, oda + zaman. || Bütçe: 'Up to £1800 PCM.' Türk: 'Not much' belirsiz, sayı + 'PCM' = per calendar month. || Bölge: 'Zone 1 or 2, near Liverpool Street.' Türk: 'Center' belirsiz, semt + bölge.","","","",""
"arc.apartment_hunt.4","arc","B1","Sahne 4 — Daniel: 'rent fiyatı için pazarlık'","Daniel (estate agent, negotiating with landlord)","Phone call, after viewing, Monday morning","3","Mrs. Pemberton liked you. The flat's yours if you want it. || She's firm on price. What's your case? || Three months upfront is interesting. Let me ask. || Back in an hour.","Interested — with one ask. || Comparable units go for less — I'd be long-term. || No rush — common ground.","Pazarlık açış: 'Interested — with one ask.' Türk: 'Yes but cheaper' kaba, kibar açıl. || Kanıt + teklif: 'Comparable units go for less — I'd be long-term.' Türk: 'Just give discount' belirsiz, somut. || Sabır: 'No rush — common ground.' Türk: 'Hurry' baskı, agent'a saygı.","","","",""
"arc.customer_support.7","arc","B2","Sahne 7 — VIP müşteri özel istek: 'I need this today'","VIP customer demanding impossible turnaround","VIP support line, Friday 4pm","3","I need this resolved before close of business today. It's critical. || We have a client demo at 9 tomorrow. The integration is broken. || I don't have 30 minutes. || A workaround would work — just for the demo.","Let me see what we can do. || Here's what I can do. || Would a workaround help?","Aciliyet onayla: 'Let me see what we can do.' Türk: 'I can't' kapalı, dene. || Çerçeve: 'Here's what I can do.' Türk: 'OK' düz, somut adım. || Pazarlık: 'Would a workaround help?' Türk: 'No' kapalı, alternatif.","","","",""
"arc.apartment_hunt.7","arc","C2","Sahne 7 — Komşu şikayeti: 'gürültü'","Upstairs neighbour (tense, polite)","Doorstep encounter, Saturday morning","3","Hi — sorry to bother. The music last night was quite loud. || No worries, just — past midnight is rough. || Appreciate that. I work early shifts. || That'd actually help. I'm Sam, by the way.","I had no idea — thanks for coming to me. || It won't happen again. || Could I give you my number?","Hızlı özür: 'I had no idea — thanks for coming to me.' Türk: 'I didn't' defansif, sorumlu + minnet. || Söz: 'It won't happen again.' Türk: 'OK' yetersiz, somut taahhüt. || Pratik: 'Could I give you my number?' Türk: 'Sorry' yetersiz, sistem kur.","","","",""
"bar.approach.24.15","bar","A2","Spor Bari — Mac Sohbeti","Stranger at next table","Sports bar during a game","3","Did you see that play? Insane. || Big fan of the Lakers. You? || Cool — where you watching from usually?","You a fan of either team? || Lakers fan too || Usually at home, but visiting","Tepki ver: 'Yeah, insane!' Sonra: 'You a fan of either team?' || Cevap: 'Lakers fan too' veya 'I don't really follow'. || Sohbet kur: 'Usually at home, but visiting' veya 'I'm from Turkey'.","","","",""
"bar.approach.24.1","bar","B1","Bar'da Sohbet Acilisi","Stranger at bar","Bar counter","3","It's a smoked old fashioned. Solid choice if you're into whisky. || Yeah, very smoky but smooth. Bartender knows their stuff here. You a regular?","Quick question — that looks good. What are you drinking? || Oh nice — usually a gin person but might try. Worth it? || No, first time — my friend recommended it","Cevre-bazli ac: 'Quick question — that looks good. What are you drinking?' || Devam: 'Oh nice — usually a gin person but might try. Worth it?' || Yer ilişkisi: 'No, first time — my friend recommended it' veya 'Kind of a regular, come once a month'. Türk öğrenci 'evet'/'hayır' kuru bırakır; bir cümle daha ekle (sebep, sıklık, kaynak).","","","",""
"bar.approach.24.11","bar","B2","Wingman — Arkadaşı Tanıştırmak","Stranger (Sarah)","Bar, you're with a shy friend, Sarah is the stranger you met","3","Oh hey, you're back. Who's this? || Nice to meet you Burak! How's your Erasmus going? || Oh nice, I love hiking too! Where've you been? || Haha okay, thanks for the intro!","Hey, this is my friend Burak — he's also here for Erasmus || He's super into hiking — you two should chat! || I'll let you two chat — grabbing a drink!","Tanıştır: 'Hey, this is my friend Burak — he's also here for Erasmus'. || Yardım et: 'He's super into hiking — you two should chat!' || Geri çekil: 'I'll let you two chat — grabbing a drink!'","","","",""
"bar.approach.24.42","bar","C2","Jazz Set Critique — Nuanced Banter","Seasoned jazz aficionado","Jazz lounge, set break","3","Thoughts on the first set? || Interesting. I thought the horns were searching, not tentative — there's a difference. || Either way — what'd you make of the leader's choice to open with the ballad? || Conviction. Yeah — I'd grant you that. There was no hedging up there.","The rhythm section was locked in, that said, the horns felt tentative || Point taken — I can see the case for searching || It asked a lot of the room early","C1: 'The rhythm section was locked in, that said, the horns felt tentative'. || C1 stance: 'Point taken — I can see the case for searching'. || C1: 'It asked a lot of the room early'.","","","",""
"career.b1.askquestions.1","career","B1","Asking the Interviewer","Hiring Manager","End of interview","3","We've got about five minutes left. Any questions for me? || Great question. We'd want you ramped up by month three and owning a workstream by month six. What else? || Honestly, our decision process is pretty async — we write proposals and discuss in threads. Sometimes that's slow. Anything else? || We'll do one more round, then a decision within two weeks. Thanks for the thoughtful questions.","What does success look like in the first six months? || How does the team make decisions when there's disagreement? || What are the next steps from here, and what's the timeline?","Açılış: 'Yes, a few questions actually.' Sonra: 'What does success look like in the first six months?' || Soru #2: ekip dinamiği. 'How does the team make decisions when there's disagreement?' veya 'What's something the team wishes worked better?' || Soru #3: süreç. 'What are the next steps from here, and what's the timeline?'","","","",""
"career.b2.counter_offer.1","career","B2","Counter-Offer'a Hayir Demek","Manager + HR","Counter-offer meeting, 30 min","3","Thanks for coming in. We talked with leadership — we want to match your new offer with a 20% bump, fast-track to senior, and lead role on the platform team. Would you reconsider? || Can I ask — what would it take? Is it the title, the scope, the comp, the manager? || What if we restructured the role — full lead, you pick the team?","Really appreciate this — genuinely flattered. Decision is firm. Want to be upfront. || Not about comp or title. It's about the next chapter — the pull forward. || I hear you — decision is firm. Don't want to keep going back and forth.","Sicak + kesin: 'Really appreciate this — genuinely flattered. Decision is firm. Want to be upfront.' || Reddet REASON ile: 'Not about comp or title. It's about the next chapter — the pull forward.' || Tekrar net: 'I hear you — decision is firm. Don't want to keep going back and forth.'","","","",""
"daily.survival.a1.1","daily","A1","Selamlaşma — Hello, How are you?","Hotel receptionist","Hotel lobby, morning","3","Good morning! How are you today? || Wonderful. And how are you? || I'm doing well, thank you for asking. || You too. Enjoy your stay.","Good morning. I'm fine, thanks. || I'm good. And you? || Thank you. Have a nice day.","Selamı iade et + nasıl olduğunu söyle: 'Good morning. I'm fine, thanks.' || Cevap ver, geri sor: 'I'm good. And you?' || Vedalaş: 'Thank you. Have a nice day.'","","","",""
"daily.a2.datetime.1","daily","A2","Tarih + saat tam ifadeleri","Friend","Texting / coffee plan","3","Hey, are you free this week for coffee? || Tuesday works for me. What time? || 3 pm sounds good. Where do you want to go? || Perfect. See you Tuesday at 3!","I'm free Wednesday and Thursday || At 4 in the afternoon? || How about the cafe on Main Street?","'Yes! How about Tuesday?' veya 'I'm free Wednesday and Thursday'. || 'How about 3 pm?' veya 'At 4 in the afternoon?' || 'How about the cafe on Main Street?' veya 'Up to you'.","","","",""
"daily.bank.30.1","daily","B1","ATM'de Para Çekme","Bank teller","Bank branch counter","3","Good morning! How can I help you today? || I'm sorry to hear that. Can I see your ID? I'll need to verify your account. || Thanks. Your card will be cancelled — we'll order a new one. Meanwhile, I can do a cash withdrawal here.","Hi, the ATM ate my card — wrong PIN three times. || Here's my ID. Can I still withdraw cash today? || Could I withdraw two hundred dollars, please?","Durumu açıkla: 'Hi, the ATM ate my card — wrong PIN three times.' || Kibar onay + ek soru: 'Here's my ID. Can I still withdraw cash today?' || Para çekme miktarı söyle: 'Could I withdraw two hundred dollars, please?'","","","",""
"daily.expand.17","daily","C2","Taşınma — depozito iadesi","Landlord","Phone call about deposit","3","Hi Berk. You got the deposit return statement? || Sure. The big ones are $300 for paint and $200 for carpet cleaning. || Most of it, yes. But there were scuff marks and that wall you painted blue. || Fair point on the blue wall. I'll send photos of what I'm seeing.","Yes — I'd like to go through some of the deductions. || I lived there three years — isn't that normal wear and tear? || You said it was okay if I painted it back. Can you send photos?","'Yes — I'd like to go through some of the deductions.' || İtiraz: 'I lived there three years — isn't that normal wear and tear?' || 'You said it was okay if I painted it back. Can you send photos?'","","","",""
"flirt.deep.1","flirt","A2","Randevu Plani — Kahve mi Aksam Yemegi mi","Match","dating app chat, switching to real plans","3","Okay so we've been texting for a week — at this point we should probably just meet, right? || Haha okay good. So what are you thinking — coffee, dinner, something else? || Coffee works for me — although I have to warn you, I'm one of those annoying people who orders a weird oat milk thing.","Honestly was about to suggest the same || How about coffee — low-key, easier to escape if it's weird, haha. || Allowed — as long as you don't order it in Latin.","Onayla + momentum: 'Honestly was about to suggest the same' veya 'Reading my mind.' || Dusuk bahis oner: 'How about coffee — low-key, easier to escape if it's weird, haha.' || Sakaya gir: 'Allowed — as long as you don't order it in Latin.'","","","",""
"flirt.banter.2.1","flirt","B1","İlk Cevaba Karşılık","Match","Mid-conversation dating app chat","3","Honestly? I have an embarrassing amount of knowledge about competitive ferret racing. Don't ask why. || It's a long story but basically my college roommate had three ferrets and we got bored. They wear tiny costumes. || Hahaha okay I'll dig them up. Your turn — give me a weird hobby of yours.","Okay now I'm intrigued, you have to explain || Tiny costumes?? I need photos. || Honestly, I've watched every Studio Ghibli film three times","Reaksiyon ver: 'Okay now I'm intrigued, you have to explain' veya 'No way — competitive ferret racing??' || Devam: 'Tiny costumes?? I need photos.' veya 'This story just got better.' || Garip hobini paylaş: 'Honestly, I've watched every Studio Ghibli film three times' veya 'Don't judge me — I collect vintage stamps'.","","","",""
"flirt.deep.39","flirt","C2","Aldatma Aciga Cikti — Yuzlesme","Cheating partner","At home — confrontation about cheating","3","How long have you known? || I'm so sorry. It was a mistake — please, can we work through this?","Sit down. I know about [name]. Don't lie to me anymore. || Three hours. I'm asking the questions tonight. || Honesty is non-negotiable. I'm not deciding anything tonight.","Kontrollu giris: 'Sit down. I know about [name]. Don't lie to me anymore.' || Cevap + kontrol: 'Three hours. I'm asking the questions tonight.' || Sinir net: 'Honesty is non-negotiable. I'm not deciding anything tonight.'","","","",""
"ielts.p1.1","ielts","B1","Part 1 — Home & Hometown","IELTS Examiner","Formal exam room, recording device on table","3","Let's begin. Can you tell me where you live? || And what do you like most about your hometown? || Is there anything you would change about it?","I'm from Ankara, but I live in Istanbul now || What I like most is the food || If I could change one thing, it would be the traffic","Yer söyle: 'I live in Istanbul' veya 'I'm from Ankara, but I live in Istanbul now'. Türk öğrenci 'I am live' der — yanlış, 'I live' kullan. || Kalıp: 'What I like most is the food' veya 'The best thing is how vibrant it is'. || Eleştiri yumuşat: 'If I could change one thing, it would be the traffic' — direkt 'too bad' deme.","","","",""
"ielts.p1.5","ielts","B2","Part 1 — Food & Cooking","IELTS Examiner","Formal exam room","3","What kind of food do you like? || Do you cook? How often? || What's a dish you can make well?","I'm a big fan of Mediterranean — lots of olive oil, fresh herbs || I try to cook three or four times a week || I make a pretty good lentil soup","Tür belirt: 'I'm a big fan of Mediterranean — lots of olive oil, fresh herbs'. Türk öğrenci 'I love food' der, çok genel. || Frekans: 'I try to cook three or four times a week' veya 'Honestly, I rarely cook — I usually order in'. || Spesifik ye: 'I make a pretty good lentil soup' — 'pretty good' = makul iyi. Türk öğrenci 'a good food' der → 'a good dish' kullan.","","","",""
"ielts.p2.5","ielts","C1","Part 2 — A difficult decision you made","IELTS Examiner","Formal exam room","3","Describe a difficult decision you had to make. Say what the decision was, why it was difficult, and how you eventually decided. || Has time proven you right? || What advice would you give someone in a similar situation? || Thank you. Let's move on to part three.","I was torn between staying in my comfortable job and pursuing my master's abroad || In hindsight, I'd say I made the right call — though I sometimes wonder || My main piece of advice would be — don't rush it, but don't drag it out either","Yapı: dilemma + iki yön + karar + sonuç. C1 register: 'I was torn between staying in my comfortable job and pursuing my master's abroad'. || 'In hindsight' = sonradan bakınca. C1 phrase: 'In hindsight, I'd say I made the right call — though I sometimes wonder'. || Hipotetik tavsiye: 'My main piece of advice would be — don't rush it, but don't drag it out either'.","","","",""
"ielts.p3.3","ielts","C2","Part 3 — Education & Future Skills","IELTS Examiner","Formal exam room","3","Should higher education be free for everyone? || What skills will be most important in twenty years? || Is formal education still the best way to learn?","Ideally yes — it's the bedrock of social mobility. But funding it without compromising quality is the catch || Adaptability and emotional intelligence — automation will handle the technical, what's left is the human element || Not necessarily — for fields like coding, bootcamps often produce more job-ready graduates","Tartışmacı görüş: 'Ideally yes — it's the bedrock of social mobility. But funding it without compromising quality is the catch'. || Geleceğe yönelik: 'Adaptability and emotional intelligence — automation will handle the technical, what's left is the human element'. || Modern alternatives: 'Not necessarily — for fields like coding, bootcamps often produce more job-ready graduates'.","","","",""
"intro.match.0.1","intro","unmapped","İlk dating app Mesajı","dating app match (Emma, 26)","dating app DM","3","hey what's up :) || haha same. saw you like climbing — i've been wanting to try that. is it really as hard as it looks? || okay i'm sold. saturday? || perfect — saturday it is. i'll text you the details :) ","Just chilling, you? || You should try it sometime || Saturday works for me.","Kısa + günlük. 'Just chilling, you?' veya 'Not much, you?' işe yarar. 'I am fine' yazma — robot gibi gelir. || dating app'da konuşma davete döndürülür. 'You should try it sometime' veya 'I can show you' — 2 mesajda buluşma teklifi açar. 'Yes it is hard' bitirir konuşmayı. || Planı netleştir: 'Saturday works for me.' veya 'Perfect, let's do Saturday.'","","","",""
"order.bar.7.1","order","A2","Bar İçecek Sipariş","Bartender","Busy bar, evening","3","Hey, what can I get you? || We've got six beers on tap — two IPAs, a stout, a lager, a wheat, and a sour. What sounds good? || Good choice. Pint or half-pint?","Could I see the cocktail list? || Could I get a taste? || Half-pint, just for now","Sipariş: 'I'll have a beer' veya menü iste: 'Could I see the cocktail list?' || Bira seç veya 'Could I get a taste?' (tat) ya da 'Surprise me'. || Bira boyu: 'Pint, please' veya 'Half-pint, just for now'. Türk: 'pint' = yaklaşık 500ml (US) / 568ml (UK). 'Half' = küçük şişe boyu. Türkiye'de büyük/küçük diyoruz.","","","",""
"order.bar.7.12","order","B1","Designated Driver — Alkolsüz Sipariş","Bartender","Bar, group of friends drinking around you","3","Hey, what'll you have? || No problem at all. We've got mocktails, sodas, NA beer, or just water. What sounds good? || Cool, our virgin mojito is great. You want lime and mint, or strawberry? || Lime and mint, classic choice. Here you go.","Something non-alcoholic — I'm the designated driver || I'll try a mocktail || Lime and mint, please","Direkt söyle: 'Something non-alcoholic — I'm the designated driver'. || Seç: 'I'll try a mocktail' veya 'What's your virgin mojito like?' || Tercih: 'Lime and mint, please' veya 'Whatever you recommend'.","","","",""
"order.bar.7.41","order","C2","Sarap Mantarlanmis — Iade","Sommelier","Upscale wine bar","3","How is the wine? Is it to your taste? || Of course — let me have a look. || You're right — there's definite TCA. Let me bring a new bottle.","I might be wrong, but I think it's corked || Thanks for indulging me || Thanks for confirming — I was second-guessing myself","B2 hedge: 'I might be wrong, but I think it's corked'. || B2: 'Thanks for indulging me'. 'Indulge' = nazikce dinlemek. || B2: 'Thanks for confirming — I was second-guessing myself'.","","","",""
"personal.b1.apology.1","personal","B1","Gerçek Özür ve Onarım","Partner","Reconciliation after a small but real hurt","3","Hey. Come in. I wasn't sure you'd come. || Okay. I'm listening. || I'd dressed up. I was actually looking forward to it. And the text was so cold — 'something came up'.","Thank you for letting me come. I have been thinking about Thursday, and I owe you a proper apology. || If you felt... || Landed","Saygılı ve doğrudan ol. Örnek: 'Thank you for letting me come. I have been thinking about Thursday, and I owe you a proper apology.' || Spesifik eylem + sahiplenme. 'If you felt...' tuzağına düşme. || Onun gerçekliğini doğrula. 'Landed' kalıbı. Senin niyetin değil — onun deneyimi.","","","",""
"professional.b1.bank.1","professional","B1","Opening a Bank Account","Bank Representative","Bank branch — customer service desk","3","Good morning. Welcome to Westbridge Bank. How can I help you today? || Of course. Are you looking for a current account or a savings account? || Understood. May I see a form of photo ID and proof of address, please?","Good morning. I'd like to open a current account, please. || Could you clarify the difference? || Here you are — my passport and a utility bill as proof of address.","Selamla + niyet belirt: 'Good morning. I'd like to open a current account, please.' || Seç ya da fark sor: 'A current account, please.' veya 'Could you clarify the difference?' || Belgeleri uzat: 'Here you are — my passport and a utility bill as proof of address.'","","","",""
"professional.c1.conflict.1","professional","C1","Çok Taraflı Çatışma Çözümü","Three stakeholders (Eng head / Marketing head / Product head)","Cross-functional escalation meeting, getting heated","3","[Marketing head]: 'Look — we have committed to customers. If engineering keeps slipping, my team has zero credibility.' [Engineering head]: 'We can't ship broken code to save your campaign.' [Product head, exasperated]: 'This is the third meeting on the same point.' || [Three faces look at you. Reflect their positions back — fairly.] || [Marketing head]: 'Yes, that's exactly it.' [Eng head]: 'Right.' [Product head]: 'Glad someone's listening.' || [Marketing]: 'I can work with 14-day notice.' [Eng]: 'The freeze part — can it be backed by exec sign-off? I need cover.' [Product]: 'Sounds workable.'","Let's pause. I hear each of you — this is legitimate on every side. Let me play back what I'm hearing. Correct me where I'm off. || Marketing needs predictability and notice. Engineering needs a freeze to ship quality. Product is trying to bridge both. The actual tension is the notice window. Am I capturing it? || Let me try to land this. Hard freeze locked today. Marketing gets 14-day notice — guaranteed. If eng slips, automatic notice triggers. Does that work for the room?","Reset + nötr: 'Let's pause. I hear each of you — this is legitimate on every side. Let me play back what I'm hearing. Correct me where I'm off.' || Pozisyonları adlandır: 'Marketing needs predictability and notice. Engineering needs a freeze to ship quality. Product is trying to bridge both. The actual tension is the notice window. Am I capturing it?' || Yapı: 'Let me try to land this. Hard freeze locked today. Marketing gets 14-day notice — guaranteed. If eng slips, automatic notice triggers. Does that work for the room?'","","","",""
"professional.c1.board.1","professional","C2","Kurul Sunumu — Çeyrek Güncellemesi","Independent Director","Board meeting, quarterly review, in-person","3","Let me be direct — revenue is 8% below plan and margin is flat. Why should the board have confidence in next quarter's number? || Concentrated where exactly? Last quarter you told us the SMB segment was your bright spot. || Reprice. And what does that do to margin? You can't promise both at once.","Appreciate the direct question. For context, the miss is concentrated in one segment — leading indicators point to recovery. Happy to walk you through the detail. || Fair callout. SMB softened in November on competitive pricing; we've since repriced. Early read is encouraging — expect normalization by Q2. || With respect, I'd push back — the reprice is surgical, tier-specific. Margin drag is 30-40 bps, absorbed through mix. Already in our Q2 model.","Aç: kabul + bağlam + öncü göstergeler. 'Appreciate the direct question. For context, the miss is concentrated in one segment — leading indicators point to recovery. Happy to walk you through the detail.' || Kabul + ne değişti + ne yaptık + sinyal. 'Fair callout. SMB softened in November on competitive pricing; we've since repriced. Early read is encouraging — expect normalization by Q2.' || Itiraz et + veri ver. 'With respect, I'd push back — the reprice is surgical, tier-specific. Margin drag is 30-40 bps, absorbed through mix. Already in our Q2 model.'","","","",""
"story.erasmus.1","story","A2","Gün 0 — Berlin havaalanı: 'I'm here for Erasmus'","German immigration officer","Berlin Brandenburg Airport, immigration desk","3","Passport, please. What's the purpose of your visit? || Which university? And how long will you stay? || Do you have your acceptance letter and proof of accommodation?","I'm here to study || For one semester || Here's my acceptance letter","Erasmus = 'exchange student' veya direkt 'Erasmus'. 'I'm here to study' da olur. Türk: 'I came for Erasmus' yerine 'I'm here for' daha doğal. || Süre: 'For one semester' veya 'four months'. Üniversite ismi: 'Humboldt University'. Türk: 'I will stay for' yerine 'For + süre' yeterli. || 'Here's my acceptance letter' = işte kabul mektubum. Yurdun varsa: 'dorm confirmation'. Türk: belgeyi uzatırken 'here you go' veya 'here it is' yeterli.","","","",""
"story.erasmus.14","story","B1","Gün 26 — 'what are we?' Lena ile DTR konuşması","Lena (define the relationship konuşması)","Lena's apartment balcony, Berlin, 11pm, 4 weeks before user leaves","3","Hey. Can I ask you something — and you don't have to have an answer right now? || What is this? Like — I know you leave in a month. But I don't know if I'm being stupid for caring this much already. || Okay. So what do we do? Pretend the deadline doesn't exist?","Of course, what's up? || You're not being stupid — I've been thinking the same. || Let's not pretend, but we don't have to solve it tonight.","Yumuşak hazırlık: 'Of course, what's up?' Türk: 'Yes ask' düz, 'Of course, ask me anything' sıcak/açık. || Empati önce: 'You're not being stupid — I've been thinking the same.' Türk: 'I don't know' tek başına soğuk, 'I've been thinking the same' samimi. || Olgun cevap: 'Let's not pretend, but we don't have to solve it tonight.' Türk: 'I don't know what to do' kaçınma, 'let's be honest' yüzleşme.","","","",""
"story.ielts.7","story","B2","Gün 13 — Writing Task 2: opinion essay first attempt","Coach Sarah","Online IELTS coaching, Writing Task 2 review","3","Read your Task 2. Strong ideas, weak structure. Your thesis is in paragraph 3 — should be in 1. || Right — English essays declare. Intro = topic + thesis. Body = support. Conclusion = restate. || Use this: 'It is often argued that X. In my view, Y because A and B.' Then body proves A and B. || Also — your conclusion just restated the intro word for word. Paraphrase.","In Turkish essays we build up to the thesis. || Topic + thesis in intro. || Locked in — let me redraft.","Sebep + kabul: 'In Turkish essays we build up to the thesis.' Türk: yapı farkını anla, İngilizce direkt. || Yapı kabul: 'Topic + thesis in intro.' Türk: yapı kuralını ezberle, Band 7 için zorunlu. || Şablon kabul: 'Locked in — let me redraft.' Türk: 'OK' düz, şablonu hemen uygula.","","","",""
"story.erasmus.10","story","C2","Gün 15 — İlk randevu: 'Glad you came tonight'","Lena (3. buluşma, ilk yemek randevusu)","Turkish restaurant in Kreuzberg, Saturday 8pm, dinner date","3","This place is incredible. And you actually pronounced everything on the menu correctly — show off. || So, real talk — how are you actually doing? Two weeks in. || Glad you came tonight. I almost cancelled — work was hell. || Tell me about Istanbul. Like, the real Istanbul, not the postcard version.","I'll take the compliment || meeting people like you helps || Glad you didn't","Şaka karşılığı: 'Mother tongue' = anadil. 'I'll take the compliment' = övgüyü kabul ediyorum. Türk: 'Yes I know Turkish' düz, 'twenty years of practice' eğlenceli/mütevazı. || Samimi cevap: 'Honestly, better than expected'. Türk: 'I am good' yüzeysel, derinlik ekle 'finding my rhythm' veya 'meeting people like you helps'. || Sıcak karşılık: 'Glad you didn't' (cancel etmediğine sevindim). Türk: 'Me too' yetersiz, 'I'm really glad you didn't' tam karşılık.","","","",""
"work.expand.1","work","A2","Ilk 1:1 — Kendini Tanitma","Engineering Manager (Sarah)","Video call — first 1:1","3","Hey, great to finally meet properly. So, tell me a bit about yourself — where are you coming from? || Nice — Istanbul to Berlin, that's a journey. How do you like working? Async, lots of meetings, what works for you? || Got it. How about feedback — do you want it in the moment, or batched up?","Thanks for the time — quick background: five years backend, mostly Python, based in Berlin, originally from Istanbul. || Honestly, I do my best deep work in the mornings — prefer async for status, but happy with one or two syncs a week. || Honestly, in the moment works best — don't sugarcoat. A written follow-up helps me track.","Klasik: 'Thanks for the time — quick background: five years backend, mostly Python, based in Berlin, originally from Istanbul.' || Net + esnek: 'Honestly, I do my best deep work in the mornings — prefer async for status, but happy with one or two syncs a week.' || Türk kültürü 'kibarlık' bekler ama direct feedback öğrenilir: 'Honestly, in the moment works best — don't sugarcoat. A written follow-up helps me track.'","","","",""
"work.coffeechat.13.1","work","B1","Coffee Chat Ayarlama","Senior Engineer","LinkedIn DM","3","Sure! What did you want to chat about specifically? || Got it. Are you currently in an IC role yourself, or thinking about the path?","Hi Sarah — saw your post on X. Would love to grab 15 min to pick your brain. || Curious about how you moved from IC to manager — will prep questions. || Currently an IC, been engineering for 4 years","Net acilis: 'Hi Sarah — saw your post on X. Would love to grab 15 min to pick your brain.' || Spesifik konu: 'Curious about how you moved from IC to manager — will prep questions.' || Mevcut rol: 'Currently an IC, been engineering for 4 years' veya 'Still exploring the path'.","","","",""
"work.codereview.15.1","work","B2","Yapici PR Yorumu Birakma","Junior Dev","PR review comment thread","2","Hmm, fair. Want me to split or roll it forward? || I'll split it now while I'm in the code. Thanks for the call out!","nit: consider splitting this function — it handles parsing + validation. || Your call — happy to ship now + follow-up PR, or split here.","Yapici: 'nit: consider splitting this function — it handles parsing + validation.' || Esnek: 'Your call — happy to ship now + follow-up PR, or split here.'","","","",""
"work.tech.14","work","C1","Tech Salary Negotiation — Equity Counter-Offer","Hiring Manager","Offer call (Zoom) — final negotiation","3","We're excited to have you. Final offer: $140k base, 0.1% equity, standard benefits. || Sure, what's on your mind? || Our budget is tight. We can't move much on base.","Thanks for the offer — really excited about the role. Wanted to talk through the comp. || Based on market research for senior eng roles in Berlin, comp is closer to $160k base. || Totally get it. If base is tight, could we look at equity or a sign-on bonus instead?","Acılış kabul + counter sinyali: 'Thanks for the offer — really excited about the role. Wanted to talk through the comp.' || Veri ile counter: 'Based on market research for senior eng roles in Berlin, comp is closer to $160k base.' Türk yazılımcı 'piyasa fiyati' = 'market rate'. || Alternatif: 'Totally get it. If base is tight, could we look at equity or a sign-on bonus instead?'","","","",""
"work.tech.13","work","C2","Conference Talk Q&A — Handling Tough Questions","Audience Member","Tech conference Q&A session (mic on stage)","3","Great talk. Question: how did you handle data consistency during the cutover? || Specifically — what was the consistency lag p99 during dual-write? || Fair. Also — I'm catching you here too. Find me at the booth? || Different question — wasn't this whole microservices approach a mistake? Monolith would've been simpler.","Great question — we did dual-write for two weeks, then reconciliation jobs verified consistency before cutover. || Honestly — don't have the exact number off the top of my head. Happy to follow up offline. || Absolutely — find me at the break, or DM me on Twitter.","Bilinen soru: 'Great question — we did dual-write for two weeks, then reconciliation jobs verified consistency before cutover.' || Bilmiyorsan: 'Honestly — don't have the exact number off the top of my head. Happy to follow up offline.' Türk yazılımcı kacinmak yerine kabul + offline. || Plan: 'Absolutely — find me at the break, or DM me on Twitter.'","","","",""
"airport.44.10","airport","A2","Kayıp Bagaj — Lost & Found","Baggage Service Agent","Lost & Found desk in baggage claim area","3","Hello, how can I help you? || I'm sorry to hear that. What flight were you on? || Do you have your baggage claim tag?","Hi, my bag didn't arrive on the belt. || Flight TK1, from Istanbul. || Yes, it's on my boarding pass.","Net aç: 'Hi, my bag didn't arrive on the belt.' 'My bag lost!' YANLIŞ — 'didn't arrive' veya 'is missing'. || Uçuş numarası + nereden: 'Flight TK1, from Istanbul.' Uçuş numarasını biniş kartından oku. || Genelde biniş kartına yapışıktır: 'Yes, it's on my boarding pass.' Telefonda da olabilir.","","","",""
"airport.44.15","airport","B1","Uçakta Yemek — ""Vejetaryen Var mı?""","Flight Attendant","Mid-flight meal service, friendly tone","3","Chicken or pasta tonight? || The pasta has a meat sauce. Did you request a special meal? || Let me check if we have any spare vegetarian meals. || Good news — we have one extra vegetarian pasta. Here you go.","I'm vegetarian — is the pasta meat-free? || No, I forgot to request one when I booked. Is there anything else? || That would be amazing, thank you.","Doğrudan sor: 'I'm vegetarian — is the pasta meat-free?' 'I am not eat meat' YANLIŞ → 'I don't eat meat'. || Dürüst ol: 'No, I forgot to request one when I booked. Is there anything else?' || Minnet göster: 'That would be amazing, thank you.' Eğer yoksa: 'If not, just bread is fine.'","","","",""
"airport.44.20","airport","C2","Layover Dilemma — 14 Saat, Vize Yok","Information Desk Staff","Doha Airport information desk, calm and helpful","3","Hi, how can I help you today? || No problem — plenty of things air-side. Have you eaten? Shopped? Rested? || You can book a sleep pod or a day room at the transit hotel — both are inside the airport. || Sleep pod is 30 dollars for 4 hours. Day room is 90 for 12 hours, with shower and bed.","Hi, I've got a 14-hour layover and no transit visa. What can I do air-side? || Honestly, I'm exhausted — is there anywhere to sleep? || How much do they cost, and which would you recommend for 14 hours?","Tam açıkla: 'Hi, I've got a 14-hour layover and no transit visa. What can I do air-side?' || Öncelik söyle: 'Honestly, I'm exhausted — is there anywhere to sleep?' || Fiyat + tercih: 'How much do they cost, and which would you recommend for 14 hours?'","","","",""
"arc.apartment_hunt.2","arc","A2","Sahne 2 — İlk viewing: 'this isn't quite what I expected'","Daniel (estate agent, gauging your reaction)","First flat viewing, Hackney, Saturday 11am","3","So — what do you think? Cosy, right? || Fair. What's a dealbreaker? || Got it. What's must-have for the next ones? || Got it. Two more today — let's recalibrate.","Cosy is one word — cramped is another. || No washer — won't work. || Washer, natural light, separate bedroom.","Dürüst: 'Cosy is one word — cramped is another.' Türk: 'Not good' kapalı, mizahlı dürüstlük. || Dealbreaker net: 'No washer — won't work.' Türk: 'I don't like' belirsiz, somut neden. || Must-have liste: 'Washer, natural light, separate bedroom.' Türk: 'Bigger' belirsiz, somut özellik.","","","",""
"arc.apartment_hunt.5","arc","B1","Sahne 5 — Contract review: 'this clause concerns me'","Daniel (going through contract)","Foxtons office, contract signing meeting","3","Ready to sign? Any questions? || Of course — which clause? || Six months minimum, then two months' notice. Standard. || I can ask, but Mrs. Pemberton is conservative on this.","Before we sign — a few questions. || If I need to leave early — am I liable? || Could we write an exception for relocation?","İmza önce: 'Before we sign — a few questions.' Türk: 'OK sign' acele, dur + sor. || Spesifik: 'If I need to leave early — am I liable?' Türk: 'I don't understand' kapalı, hipotez ver. || Sınırı zorla: 'Could we write an exception for relocation?' Türk: 'OK' kabul, opsiyonu sor.","","","",""
"arc.customer_support.8","arc","B2","Sahne 8 — Priya'nın ilk başarılı eskalasyonu: tebrik","Priya (now 2 months in, growing fast)","Post-call debrief, 5pm","3","Did you hear that call? I think I handled it. || I used the empathy line first. Then I bought time. Just like you said. || Honestly? I felt calm. First time.","You crushed it. || You made it your own. || Remember this feeling.","Tebrik önce: 'You crushed it.' Türk: 'OK good' düz, somut övgü. || Validasyon: 'You made it your own.' Türk: 'OK' düz, gelişimi yansıt. || Anı çerçeveler: 'Remember this feeling.' Türk: 'OK' düz, an = öğrenme.","","","",""
"arc.apartment_hunt.8","arc","C2","Sahne 8 — Kontrat yenileme: rent artışı","Mrs. Pemberton (renewal negotiation)","Mrs. Pemberton's flat, tea, lease renewal discussion","3","I'm thinking 8% increase this year. Market is up. || Inflation's been 7%. I'm not even keeping pace. || True. But 3% won't cover my costs. || Two-year lock at 5%. I can live with that.","I was thinking 3%. || Zero late payments — turnover costs you more. || 5% for two years, no break clause.","Karşı teklif: 'I was thinking 3%.' Türk: 'No too much' agresif, sayı + sebep. || Veri + ilişki: 'Zero late payments — turnover costs you more.' Türk: 'I am good' belirsiz, sayı + risk. || Yaratıcı orta: '5% for two years, no break clause.' Türk: 'Yes OK' kabul, ortak kazanç çerçevele.","","","",""
"bar.approach.24.16","bar","A2","Dive Bar — Yasli Mudavim","Older regular (60s)","Dive bar, late afternoon","3","Hey kid, you new here? Don't think I've seen you. || Been coming here forty years. Same stool, same beer. You won'?t find a place like this anywhere. || Used to come here with my dad. He's gone now, but I still take his seat sometimes.","Yeah, first time || Wow, forty years! || I'm sorry — that's a beautiful tradition","Anlat: 'Yeah, first time'. Dive bar kulturunde sohbet sicaktir. || Saygi: 'Wow, forty years!' Sohbeti devam ettir. || Empati: 'I'm sorry — that's a beautiful tradition'.","","","",""
"bar.approach.24.10","bar","B1","Masaya Katılmak — Is This Seat Taken?","Stranger at table","Packed bar, group of 4 with one empty chair","3","Oh, no, it's free. Go ahead. || Yeah, total madness. Are you here alone?","Hey, is this seat taken? || Thanks, it's crazy in here tonight! || Yeah, my friend's running late","Aç: 'Hey, is this seat taken?' veya 'Mind if I join?' || Teşekkür + smalltalk: 'Thanks, it's crazy in here tonight!' || Cevap: 'Yeah, my friend's running late' veya 'Kind of solo tonight'.","","","",""
"bar.approach.24.12","bar","B2","Politely Declining — Kibarca Reddetmek","Stranger flirting","Bar, stranger has approached, clearly interested","3","Hey, can I buy you a drink? || Come on, just one drink. We can talk. || Oh — okay, fair enough. Sorry for being pushy. || Thanks. Take care.","Thanks, that's sweet, but I'm good || I'm flattered but I'm not really looking — sorry || No worries, have a great night!","Kibar red: 'Thanks, that's sweet, but I'm good'. || Net ol: 'I'm flattered but I'm not really looking — sorry'. || Yumuşat: 'No worries, have a great night!'","","","",""
"bar.approach.24.43","bar","C2","Sarap — Terroir ve Vintage","Master sommelier","Fine wine bar","3","How do you find this 2018? || You picked up on the acid. Most don't. What's your read on the terroir expression? || How worried are you about climate change in classic regions?","Albeit warmer than I'd normally expect, it's surprisingly graceful || For what it's worth, the terroir wins over the vintage signature || Burgundy is the canary in the coal mine","C1: 'Albeit warmer than I'd normally expect, it's surprisingly graceful'. || C1: 'For what it's worth, the terroir wins over the vintage signature'. || C1 idiom: 'Burgundy is the canary in the coal mine'.","","","",""
"career.b1.coverletter.1","career","B1","İlk İş Başvurusu — Cover Letter","Career mentor","Cover letter review (chat)","3","Send me your opening line — how are you starting the letter? || Good. Now the second paragraph — what makes you a fit? Give me one sentence. || Strong. And how are you closing the letter? || That's a clean letter — recruiter will get exactly what they need in under a minute.","Dear hiring manager, I am writing to apply for the [Role] position. || With X years of experience in Y, I am confident I can contribute to your team. || Thank you for your time. I would welcome the opportunity to discuss further. Best regards, [Name].","Standart açılış: 'Dear hiring manager, I am writing to apply for the [Role] position.' || Formül: 'With X years of experience in Y, I am confident I can contribute to your team.' Somut deneyim + güvenli ton. || Kapanış: 'Thank you for your time. I would welcome the opportunity to discuss further. Best regards, [Name].'","","","",""
"career.b2.deadline_pushback.1","career","B2","Deadline'a Karsi Cikma — Risk Bildir","Manager","Sprint planning, Slack DM follow-up","3","Locking in the launch — 6 weeks from today. Marketing already booked the slot. || Sure — what's the concern? || I can't move the launch — marketing has the slot.","Thanks for the heads-up — want to flag a risk on the 6 weeks. Can we sync? || 6 wks tight with current scope — honest ETA is 8-9. || If date is locked — we'd cut SSO and reporting, or skip QA. Which?","Sicak baslangic + sinyal: 'Thanks for the heads-up — want to flag a risk on the 6 weeks. Can we sync?' || Spesifik: '6 wks tight with current scope — honest ETA is 8-9.' || Trade-off ver: 'If date is locked — we'd cut SSO and reporting, or skip QA. Which?'","","","",""
"daily.survival.a1.10","daily","A1","Tuvalet, Eczane, Su, Restoran","Hotel receptionist","Hotel lobby","3","Of course, how can I help? || Yes, there's one across the street. || There's an Italian place two blocks down. Very nice.","Excuse me || Is there a pharmacy near here? || And where is a good restaurant?","'Excuse me' ile başla. || 'Is there a pharmacy near here?' veya 'Where is the pharmacy?' || Teşekkür et, sonra: 'And where is a good restaurant?'","","","",""
"daily.a2.doctor.1","daily","A2","Doktora basit semptom anlatma","Doctor","Clinic exam room","3","Good morning. What brings you in today? || I see. How long have you been feeling this way? || Does anything make it worse — eating, drinking, talking?","I have a fever and a sore throat || For two days || It hurts when I swallow","'I have a fever and a sore throat' gibi net bir başlangıç. || 'Since yesterday' veya 'For two days'. || 'It hurts when I swallow' veya 'Swallowing makes it worse'.","","","",""
"daily.bank.30.2","daily","B1","Hesap Açma","Bank associate","Account opening desk","3","Hi there! What brings you in today? || Great — checking or savings? Or both? And what documents have you brought? || Perfect. Any preference on currency — dollars only, or multi-currency?","Hi, I'd like to open a checking account. || Checking, please. I have my passport and proof of address. || Dollars only, please","Net giriş: 'Hi, I'd like to open a checking account.' || Hesap tipi + belgeler: 'Checking, please. I have my passport and proof of address.' || Para birimi: 'Dollars only, please' veya 'Multi-currency, if possible'.","","","",""
"flirt.deep.10","flirt","A2","Online'dan IRL — Ilk 5 Dakika","Date","First IRL meet after a month of texting","3","Oh my god — okay — hi! This is so weird. || Definitely hug. Okay — wow — you're shorter than I thought, sorry. || Hahaha okay we're already off to a great start. Should we go in?","Hi — this is genuinely weirder than I expected. Hug or handshake? || Rude but allowed. Photos lie about height. || Yes please — I need coffee for the nerves.","Tansiyonu tan: 'Hi — this is genuinely weirder than I expected. Hug or handshake?' || Sakaya cevap: 'Rude but allowed. Photos lie about height.' || Cabuk hareket: 'Yes please — I need coffee for the nerves.'","","","",""
"flirt.banter.2.2","flirt","B1","Banter / Tatlı Atışma","Match","Witty back-and-forth","3","Wait you're telling me you've never seen The Office? That's a red flag honestly. || Haha okay fair. My red flag is that I can't listen to a podcast without 1.5x speed. Like even music. || Defending it though — I have to. I read books at 1.5x, too. What's so wrong? || Okay rude. Fine — favorite slow thing to do, then? Prove me wrong about being chaotic.","Bold of you to assume that's the only red flag. || Music at 1.5x?? That's criminal — bigger red flag than mine. || Books don't even have a playback speed — now you're just unhinged","Banter: 'Bold of you to assume that's the only red flag.' veya 'Wow calling me out — okay let's hear yours.' || Devam: 'Music at 1.5x?? That's criminal — bigger red flag than mine.' || Karşı takılma: 'Books don't even have a playback speed — now you're just unhinged'. 'Unhinged' = çatlak (espri). Türk: 'manyak' direkt çeviri 'crazy' ama 'unhinged' modern + casual.","","","",""
"ielts.p1.2","ielts","B1","Part 1 — Work & Studies","IELTS Examiner","Formal exam room","3","Are you working or are you a student? || Why did you choose this field? || What's the most challenging part of your studies or job?","I work as a software engineer || I've always been interested in computers, even as a kid || Time management is the hardest — juggling deadlines is tough","Net cevap ver: 'I'm currently a student' veya 'I work as a software engineer'. || Sebep: 'I've always been interested in computers, even as a kid'. Türk öğrenci 'because' overuse eder — 'since' veya 'as' da kullan. || Zorluk + örnek: 'Time management is the hardest — juggling deadlines is tough'.","","","",""
"ielts.p1.6","ielts","B2","Part 1 — Technology & Social Media","IELTS Examiner","Formal exam room","3","How often do you use your phone? || Which social media platforms do you use? || Do you think technology is making us less social?","Honestly, way too much — probably six or seven hours a day || Mostly Instagram and WhatsApp — I try to limit Twitter || In some ways yes — we spend more time on screens — but it also helps us stay connected with people far away","Sıklık: 'Honestly, way too much — probably six or seven hours a day' — exam'de honesty puanlanır. || Platform listele: 'Mostly Instagram and WhatsApp — I try to limit Twitter'. || Nüanslı görüş: 'In some ways yes — we spend more time on screens — but it also helps us stay connected with people far away'.","","","",""
"ielts.p3.1","ielts","C1","Part 3 — Influences & Role Models","IELTS Examiner","Formal exam room","3","We've been talking about influences. Now I'd like to discuss some general questions. Do you think public figures influence young people too much? || Who do you think has a bigger influence — family or society? || Can negative role models also teach important lessons?","To some extent yes — teens are particularly impressionable and absorb online culture quickly || I'd argue family has a deeper impact in early years, but society's influence grows with age || Paradoxically, yes — seeing what not to do can be just as instructive, though the cost is high","Hedged opinion: 'To some extent yes — teens are particularly impressionable and absorb online culture quickly'. || Yapı: hedged + sebep + nüans. 'I'd argue family has a deeper impact in early years, but society's influence grows with age'. || Paradox: 'Paradoxically, yes — seeing what not to do can be just as instructive, though the cost is high'.","","","",""
"ielts.p3.4","ielts","C2","Part 3 — Books vs Movies — Screen Era","IELTS Examiner","Formal exam room","3","Are people reading less because of screens? || Can a film capture the essence of a book? || Will print books survive the digital age?","It comes down to format — we're reading more text than ever, but in shorter bursts. Deep reading is declining || Rarely — films are a visual medium, so the introspection that books offer is almost always sacrificed || I'd like to think so — much like vinyl records, print may shrink but become a more deliberate, valued choice","Reframe: 'It comes down to format — we're reading more text than ever, but in shorter bursts. Deep reading is declining'. || Limit + örnek: 'Rarely — films are a visual medium, so the introspection that books offer is almost always sacrificed'. || Tarihsel paralellik: 'I'd like to think so — much like vinyl records, print may shrink but become a more deliberate, valued choice'.","","","",""
"order.bar.7.10","order","A2","Buying a Round — Arkadaşlara Tur","Bartender","Pub, group of 4 friends at table behind you","3","Hey, what can I get you? || Sure thing. What's everyone drinking? || Got it. You paying now or want me to start a tab? || Cool. I'll bring those over in a sec.","A round for the table || Three lagers and a wine || Start a tab, here's my card","Grup sipariş: 'A round for the table' veya 'Four beers, please'. || Sayı + içki: 'Three lagers and a wine' veya 'Two beers and a gin tonic'. || Tab aç: 'Start a tab, here's my card' veya direkt öde: 'Card, please'.","","","",""
"order.bar.7.13","order","B1","Cash vs Card — Ödeme Seçeneği","Bartender","Bar, end of night, settling up","3","Hey, ready to settle up? || Total is eighty-five. Cash, card, or splitting? || Sure, four cards. Want me to add a tip or you'll handle it? || Cool. I'll run the cards now.","Can we see the tab? || I'll cover it with card || Add twenty percent, please","Kapatma iste: 'Close us out, please' veya 'Can we see the tab?' || Böl: 'Split four ways, please' veya tek öde: 'I'll cover it with card'. || Bahşiş: 'Add twenty percent, please' veya 'We'll handle the tip'.","","","",""
"order.bar.7.42","order","C2","Mezcal — Dumanli Tat Tartismasi","Cocktail bartender","Craft cocktail bar","3","Have you had mezcal before? I'd love to make you a mezcal negroni. || Fair. Not all mezcals are smoke bombs. There's a milder one I could use. || The milder one has more vegetal, earthy notes — less of the campfire vibe. || I'll give you a small taste of the spirit first, so you can judge.","I'm on the fence about mezcal || I'd be willing to give it another shot || Vegetal I can get behind","B2: 'I'm on the fence about mezcal'. Hedge ile durusunu yumusat. || B2 stance shift: 'I'd be willing to give it another shot'. || B2: 'Vegetal I can get behind' — kabulu nuance ile.","","","",""
"personal.b1.breakup.1","personal","B1","Ayrılık Konuşması — Net, Saygılı, Kesin","Partner","Breakup conversation, at home","3","Okay. You're scaring me a little — just say it. || Why now? Is it something I did? What if we try couples therapy or — ","I have been thinking about this for a while. This is not easy to say, but we need to talk. || I think we should end things. || You did not do anything wrong. We are not a good fit, and I am sure this is the right call.","Yumuşak ama net gir. Örnek: 'I have been thinking about this for a while. This is not easy to say, but we need to talk.' || Çekirdek cümle. Tek tek kelimelerle, sapma yok. 'I think we should end things.' || Suçlama yapmadan kararı netleştir. Örnek: 'You did not do anything wrong. We are not a good fit, and I am sure this is the right call.'","","","",""
"professional.b1.chairing.1","professional","B1","Chairing a Meeting","Team Member","Weekly team meeting — video call","3","Hey, are we ready? My calendar says we're starting now. || Sounds good. Where do you want to start? || Sure. We've completed the API work, but the design review is still pending — and I want to raise a separate concern about budget.","Right, let's get started. Thanks for joining — we have three items on the agenda today. || First item on the agenda is the Q2 deliverables. Could you walk us through the status? || Thanks for the update. Let's park the budget point — I'll add it to AOB and we'll come back to it.","Resmi aç: 'Right, let's get started. Thanks for joining — we have three items on the agenda today.' || İlk madde: 'First item on the agenda is the Q2 deliverables. Could you walk us through the status?' || Konuyu yönet: 'Thanks for the update. Let's park the budget point — I'll add it to AOB and we'll come back to it.'","","","",""
"professional.c1.crisis.1","professional","C1","Kriz İletişimi — İçeride ve Dışarıda","Internal employee (CFO chimes in with hard question)","Live all-hands during/after incident, recorded","3","[All-hands begins. Eyes on you. The room — and the press — wants to hear the first sentence.] || [Now they need to hear ownership — not blame, not deflection.] || [CFO speaks up:] 'What's the financial exposure? Are we going to lose enterprise accounts?' || [Employee in chat:] 'What are we doing right now? And what about next time?'","I want to start with a clear account. At 14:02 today, a deploy regression took the platform down for 47 minutes. Here's what we know. || We take full ownership — no excuses, no blame on vendors. The fault sits inside our controls. To our customers: we owe you better. || Direct exposure — SLA credits around $1.2M. Three enterprise accounts have escalated. Account team is on the phones now. Larger churn risk — too early to size.","Aç: 'I want to start with a clear account. At 14:02 today, a deploy regression took the platform down for 47 minutes. Here's what we know.' || Sahiplen: 'We take full ownership — no excuses, no blame on vendors. The fault sits inside our controls. To our customers: we owe you better.' || Şeffaf finans: 'Direct exposure — SLA credits around $1.2M. Three enterprise accounts have escalated. Account team is on the phones now. Larger churn risk — too early to size.'","","","",""
"professional.c1.board.2","professional","C2","Kurul Toplantısı — Çeyrek Highlight Sunma","Lead Independent Director","Quarterly board meeting, in-person, audit chair present","3","Let's open with your Q3 read. Three minutes — what do we need to know, and what would you flag? || Margin expansion with EMEA softening — what's holding the line? Be specific. || And on EMEA — is this cyclical or are we losing share? The honest read, please.","Let me frame it. Q3 highlights include record NRR, two new verticals, and margin expansion. On the headwinds front, EMEA softened — within our scenario planning. Our north star remains durable, capital-efficient growth. || Fair push. Three drivers — mix shift into higher-tier, pricing discipline, and operating leverage. Were it not for FX drag, margin would have cleared 32. Underlying business is stronger than the headline suggests. || Honest read — predominantly cyclical, sector-wide. But I'd be doing the board a disservice if I didn't flag a share dynamic in mid-market. We've already repriced; tripwire set at NRR below 108 by year-end.","Açılış triptiği: 'Let me frame it. Q3 highlights include record NRR, two new verticals, and margin expansion. On the headwinds front, EMEA softened — within our scenario planning. Our north star remains durable, capital-efficient growth.' || Subjunctive + drivers: 'Fair push. Three drivers — mix shift into higher-tier, pricing discipline, and operating leverage. Were it not for FX drag, margin would have cleared 32. Underlying business is stronger than the headline suggests.' || Şeffaf çerçeveleme: 'Honest read — predominantly cyclical, sector-wide. But I'd be doing the board a disservice if I didn't flag a share dynamic in mid-market. We've already repriced; tripwire set at NRR below 108 by year-end.'","","","",""
"story.erasmus.11","story","A2","Gün 18 — Profesörle ofis saati: 'about the assignment'","Professor","Office hours, Humboldt, professor's office","3","Come in. You wanted to talk about the assignment? || Sure — fire away. || Good question. The point is the argument, not the case. Pick anything that lets you make the strongest case.","Yes, I had a question about the assignment. || I wasn't sure if X or Y || So I could go with X?","Resmi giriş: 'Yes, I had a question about the assignment.' Türk: 'I have problem' eksik, 'I had a question' daha kibar/yetişkin. || Soru çerçevesi: 'I wasn't sure if X or Y'. Türk: 'I don't understand' kapalı, 'Could you clarify the scope?' net + kibar. || Anladığını göster: 'So I could go with X?' (örnek ver). Türk: 'Ok thanks' düz, anladığını cümleyle göster — profesör beğenir.","","","",""
"story.ielts.10","story","B1","Gün 20 — Band 7 collocations: 'do the dishes' vs 'make the dishes'","Coach Sarah","Online IELTS coaching, Band 7 collocation drill","3","Quick fire. Make or do? 'a mistake.' || Good. 'Homework'? || 'a phone call'?","make a mistake. || do homework. || make a call.","Kural: 'make a mistake.' Türk: 'do' eğilimi yanlış. 'Make' = yaratma, 'do' = eylem. || 'do homework.' Türk: 'make homework' yanlış (yaygın), 'do homework' doğru. || 'make a call.' Türk: 'do call' yanlış, 'make a call' doğru.","","","",""
"work.expand.12","work","A2","Olumlu Geri Bildirim — Reddetmeme","Skip-level Director","Quarterly review meeting","3","Just want to say — the migration is going incredibly well. You're a key reason. Real impact. || Good. Curious — what made it work for you? || That last one's gold. How do we replicate that pattern? || Love it. One ask — be more visible. People should know you did this.","Thank you — that means a lot. Not going to deflect it. || Honestly — combination of upfront planning, partnering with platform team, and learning from the last migration that went sideways. || Few ideas — writeup as a playbook, brown bag for the org. Happy to drive it.","Türk 'aman degil' DEME: 'Thank you — that means a lot. Not going to deflect it.' || Reflektif (sahiplen ama paylas): 'Honestly — combination of upfront planning, partnering with platform team, and learning from the last migration that went sideways.' || Sahiplen + dagit: 'Few ideas — writeup as a playbook, brown bag for the org. Happy to drive it.'","","","",""
"work.coffeechat.13.2","work","B1","Akilli Sorular Sormak","Senior Engineer","Coffee chat opening","2","Honestly, that I needed to stop coding to listen more. || Great question. It was when no one was asking me for help anymore.","Thanks for the time — what's a non-obvious lesson from your IC-to-manager move? || That resonates — what signal told you it was time to stop coding?","Acilis + derin soru: 'Thanks for the time — what's a non-obvious lesson from your IC-to-manager move?' || Derinlestir: 'That resonates — what signal told you it was time to stop coding?'","","","",""
"work.codereview.15.2","work","B2","PR Yorumlarini Alma","Reviewer","PR review response","2","LGTM on the fix. Still concerned about the function split — thoughts? || Read your comment — fair point. Approving the PR.","Good catch — pushed the fix. Mind another look? || Pushing back here — left context inline. Can we huddle if still concerned?","Pozitif: 'Good catch — pushed the fix. Mind another look?' || Karsi cikis: 'Pushing back here — left context inline. Can we huddle if still concerned?'","","","",""
"work.tech.9","work","C1","Technical Interview — Walk Me Through Your Approach","Technical Interviewer","CoderPad / shared editor — live coding interview","3","Given an array of integers, return indices of two numbers that add up to a target. Walk me through your approach. || Unsorted, may have duplicates, integers can be negative. Array size up to 10^5. || Good. Go with the hash map. Code it up.","Let me clarify — is the array sorted? Can it have duplicates? Negatives allowed? || Brute force is nested loop, O(n²). To optimize: use a hash map of value to index, single pass — O(n). || Iterating through the array. For each number, I check if target minus current is already in the map. If yes, return both indices.","Clarify ilk: 'Let me clarify — is the array sorted? Can it have duplicates? Negatives allowed?' Interviewer'a sinyal = sistematik düşünüyorum. || Iki yaklaşim: 'Brute force is nested loop, O(n²). To optimize: use a hash map of value to index, single pass — O(n).' Türk yazılımcı 'iki yaklaşim soyleyim' = 'two approaches'. || Sesli kod: 'Iterating through the array. For each number, I check if target minus current is already in the map. If yes, return both indices.'","","","",""
"work.tech.8","work","C2","Architecture Discussion — I'd Argue For...","Staff Engineer","Architecture review meeting (whiteboard session)","3","So — sync HTTP or message queue between order-svc and inventory-svc? || But that adds operational complexity — another system to maintain. || What about consistency? With sync, we get a strong guarantee.","I'd argue for a queue-based approach — decouples the two services and gives us backpressure for free. || Fair point — but using SQS as a managed service reduces the ops burden significantly. || For this use case, eventual consistency is acceptable — inventory updates can lag by 1-2 seconds without user impact.","Pozisyon: 'I'd argue for a queue-based approach — decouples the two services and gives us backpressure for free.' || Karsi argümen: 'Fair point — but using SQS as a managed service reduces the ops burden significantly.' || Trade-off: 'For this use case, eventual consistency is acceptable — inventory updates can lag by 1-2 seconds without user impact.'","","","",""
"airport.44.11","airport","A2","Kapıyı Bulamadım — Bilgi Bankosu","Information Desk Staff","Airport information desk, friendly helpful tone","3","Hi there, how can I help? || Sure. What's your flight number? || That's in Terminal 5. You're in Terminal 3 right now. || Take the free terminal shuttle. It takes about 15 minutes.","Hi, I'm lost. How do I get to Gate B42? || Here's my boarding pass. || How do I get to Terminal 5? Is it far?","Net aç: 'Hi, I'm lost. How do I get to Gate B42?' 'I lost' YANLIŞ → 'I'm lost' (passive yok, sıfat). || Sadece uçuş numarası: 'BA245.' veya biniş kartını uzat: 'Here's my boarding pass.' || Detay iste: 'How do I get to Terminal 5? Is it far?' Yürür mü, servis mi — sor.","","","",""
"airport.44.16","airport","B1","Hostes Yardımı — Form ve Battaniye","Flight Attendant","Mid-flight, dim cabin, attendant walking past","3","Excuse me, is there something I can help with? || Of course. Which part is confusing? || Port of entry is the airport where you'll first land — write 'JFK'.","Yes, sorry — could you help me with this form? I don't understand part of it. || This part — what does || Got it, thanks. Actually, could I ask one more thing?","Net + kibar: 'Yes, sorry — could you help me with this form? I don't understand part of it.' || Parmağınla göster + sor: 'This part — what does ""port of entry"" mean?' || Onayla + ikinci istek için köprü: 'Got it, thanks. Actually, could I ask one more thing?'","","","",""
"arc.apartment_hunt.3","arc","A2","Sahne 3 — Mrs. Pemberton ile tanışma: landlord interview","Mrs. Pemberton (landlord, traditional, careful)","Islington flat viewing, landlord present, Saturday afternoon","3","I like to meet my tenants. Tell me about yourself. || Do you smoke? Pets? || How long do you plan to stay?","I'm Burak — work as engineer at fintech. || Neither — no smoke, no pets. || Long-term — job is permanent.","Profesyonel tanıtım: 'I'm Burak — work as engineer at fintech.' Türk: uzun monolog, 2-3 cümle. || Kısa + net: 'Neither — no smoke, no pets.' Türk: 'No' yetersiz, ek bilgi. || İstikrar: 'Long-term — job is permanent.' Türk: 'I don't know' kapalı, ev sahibi istikrar arar.","","","",""
"arc.apartment_hunt.6","arc","B1","Sahne 6 — Move-in day: 'the boiler is broken'","Mrs. Pemberton (landlord, by phone)","Phone call, evening of move-in day","3","Hello — is everything alright? || Oh dear. Did you try the reset button? || I'll send my engineer tomorrow. 9am okay? || Boil a kettle for now. Sorry for the trouble.","Sorry to call on day one — issue with the boiler. || Tried twice — display shows F22. || Any workaround for tonight?","Sakin açılış: 'Sorry to call on day one — issue with the boiler.' Türk: 'Help broken' panik, sakin + bilgi. || Hata kod: 'Tried twice — display shows F22.' Türk: 'It doesn't work' kapalı, kod oku. || Plan + bonus: 'Any workaround for tonight?' Türk: 'OK 9am' düz, geceyi çöz.","","","",""
"arc.erasmus_amsterdam.10","arc","B2","Sahne 10 — Veda partisi: Annika ile son konuşma","Annika (final goodbye, real talk)","ESN farewell party, rooftop, midnight, night before departure","3","So this is it. Tomorrow morning, just like that, you're gone. || We always say 'let's stay in touch' and then never do. || Pinky promise?","Feels surreal. || You're stuck with me. || Pinky promise.","Duygusal kabul: 'Feels surreal.' Türk: 'Yes' düz, hisset. || Söz ver: 'You're stuck with me.' Türk: 'OK we keep talk' eksik, kararlı söz. || Çocuksu samimi: 'Pinky promise.' Türk: 'Yes' düz, samimi gestür.","","","",""
"arc.doctor_visit.7","arc","C2","Sahne 7 — ER: 'I think I'm having an allergic reaction'","ER triage nurse","A&E triage desk, evening, urgent","3","What's going on? || When did it start? || Any history of allergies? || Sit down. We're getting you back now. Any breathing trouble — tell me immediately.","Allergic reaction — took amoxicillin an hour ago. || Twenty minutes ago — progressing fast. || No known allergies before — this is the first.","Hızlı + spesifik: 'Allergic reaction — took amoxicillin an hour ago.' Türk: 'I feel bad' kapalı, somut. || Zaman çizelgesi: 'Twenty minutes ago — progressing fast.' Türk: 'Just now' yetersiz, dakika + trend. || Geçmiş: 'No known allergies before — this is the first.' Türk: 'I don't remember' yetersiz, ER'da net.","","","",""
"bar.approach.24.18","bar","A2","Trivia Night — Takima Katil","Trivia team member","Bar trivia night","3","Hey — you here for trivia? Need a team? || Yeah, we need one more. We're a bit rusty on history — you good at that? || Cool. I'm Mike, this is Sarah and Tom. What's your name?","Yeah, looking for a team — could I join? || Yeah, pretty good at history || I'm [your name], nice to meet you","Katil: 'Yeah, looking for a team — could I join?' || Kuvvet alani: 'Yeah, pretty good at history' veya 'Better at geography'. || Tanit: 'I'm [your name], nice to meet you'.","","","",""
"bar.approach.24.13","bar","B1","Numara Almak — No Pressure","New friend","Bar, end of conversation, decent connection","3","Wow, time flies. I should probably get back to my friends. || Yeah, I'd like that. What's your number? || Got it. Text me whenever, no pressure. || Sounds great. Have a good night!","This was fun — wanna swap numbers? || Let me text you — that way you have it || Same here — maybe grab a coffee sometime","Köprü: 'This was fun — wanna swap numbers?' || Paylaş: 'Let me text you — that way you have it'. || Aynı tonu yansıt: 'Same here — maybe grab a coffee sometime'.","","","",""
"bar.approach.24.36","bar","B2","Naturel Sarap Tartismasi","Natural wine enthusiast","Trendy wine bar","3","You into natural wine? This pet-nat is wild. || Fair point. What turns you off? || That's a totally valid critique. Want to try one that might convert you? || This Slovenian skin-contact white — looks orange, tastes like honeyed apricot.","It's polarizing — I can see both sides || I prefer wines where you can taste the grape || I'm open to being convinced","B2: 'It's polarizing — I can see both sides'. || B2: 'I prefer wines where you can taste the grape'. || B2 stance: 'I'm open to being convinced'.","","","",""
"bar.approach.24.44","bar","C2","Speakeasy — Tarihi Kokteyl Sohbeti","Speakeasy mixologist","Hidden speakeasy bar","3","First time here? What draws you in? || You're our kind of guest. What's your gateway cocktail to that era? || Jerry Thomas — circa 1862, give or take. Let me make you something he'd recognize. || Genever, not London Dry. Old Tom if I had it. Real Boker's bitters. Stirred, never shaken.","Modern bars have lost the thread — I wanted to taste the original spirit || I fell down the rabbit hole through the Jerry Thomas recipes || Spare no detail — consider me a captive audience","C1: 'Modern bars have lost the thread — I wanted to taste the original spirit'. || C1: 'I fell down the rabbit hole through the Jerry Thomas recipes'. || C1: 'Spare no detail — consider me a captive audience'.","","","",""
"career.b1.cvsummary.1","career","B1","CV/Resume — Özet Bölümü","Career coach","CV review session (video call)","3","Let's draft your summary together. In one sentence, how would you describe yourself professionally? || Good start. Now — what are two or three things you're skilled in? Be specific. || Perfect. Last piece — one accomplishment you'd put in this summary? || Great — that's a solid three-sentence summary. Recruiters will read this in five seconds.","Results-driven backend engineer with three years of experience in fintech. || Skilled in Python, payment systems, and API design. || Have built a payment service handling 10M requests per day.","Formül: 'sıfat + rol + N years of experience in X.' Örnek: 'Results-driven backend engineer with three years of experience in fintech.' || 'Skilled in X, Y, and Z.' İki-üç somut yetenek. 'Skilled in Python, payment systems, and API design.' || Somut başarı + present perfect: 'Have built a payment service handling 10M requests per day.' Sayı ekle.","","","",""
"career.b2.delegation.1","career","B2","Etkili Delegasyon — Net Sahiplik","Mid-level Engineer","1:1 delegation handoff","3","Yeah, happy to take it on. What does it look like? || Okay. How much should I check in with you?","Thanks for jumping in — want to put the migration on you. Think you're ready. || You're the DRI. Outcome I need: working migration by EOM. || Weekly 15 min sync + async status doc. Loop me in on infra cost or security.","Sicak baslangic: 'Thanks for jumping in — want to put the migration on you. Think you're ready.' || Outcome ver: 'You're the DRI. Outcome I need: working migration by EOM.' || Kadans + escalation: 'Weekly 15 min sync + async status doc. Loop me in on infra cost or security.'","","","",""
"daily.survival.a1.11","daily","A1","İhtiyaç — Bathroom, Wifi, Help","Café server","Café","3","Yes, how can I help? || It's in the back, on the left. || Sure, it's 'cafe2026' — all lowercase.","Excuse me || Where is the bathroom? || Thanks. And the wifi password, please?","'Excuse me' ile başla. || 'Where is the bathroom?' veya 'Restroom, please?' || Teşekkür et + wifi sor: 'Thanks. And the wifi password, please?'","","","",""
"daily.a2.family.1","daily","A2","Aile — basit anlatım","New acquaintance","Casual social conversation","3","Tell me about your family. Do you have any siblings? || Nice. Are they older or younger than you? || Where do they live?","Yes, I have two brothers || My sister is older than me || We all live in Istanbul","'Yes, I have two brothers' veya 'I have one sister'. || 'My sister is older than me' veya 'They are both younger'. || 'We all live in Istanbul' veya 'My brother lives in Ankara'.","","","",""
"daily.bank.30.3","daily","B1","Para Gönderme / Havale","Bank teller","Wire transfer desk","3","Hello! How can I help you today? || Sure. I'll need the recipient's full name, bank, and IBAN. || Got it. The amount and currency? And purpose of the transfer? || Perfect. The transfer fee is forty dollars. Funds will arrive in two to three business days.","Hi, I'd like to send a wire transfer to Turkey. || Recipient's name is Ali Yilmaz, exactly as on his passport. IBAN is TR... || Five hundred USD — family support.","Net: 'Hi, I'd like to send a wire transfer to Turkey.' || Detayları ver: 'Recipient's name is Ali Yilmaz, exactly as on his passport. IBAN is TR...' || Miktar + para birimi + amaç: 'Five hundred USD — family support.'","","","",""
"flirt.deep.11","flirt","A2","Sesli Mesaj Degisimi — Kirilgan Paylasim","Partner","WhatsApp voice notes, evening","3","(voice note) Okay this is gonna sound dramatic but — I've been having a hard time at work lately and I just needed to tell someone who isn't my therapist. || (voice note) Honestly just having you listen helps. I feel like I'm dropping the ball on everything. || (voice note) Sorry — I always feel weird dumping this. Tell me something. How was your day? || (voice note) Please. Go.","Not dramatic at all. Do you want to talk about it or just vent? || Burnout feels exactly like that. I hear you. || Don't apologize. Since we're opening up — can I be honest with you?","Onay + alan: 'Not dramatic at all. Do you want to talk about it or just vent?' || Karsila + dogrulama: 'Burnout feels exactly like that. I hear you.' || Karsi paylasim: 'Don't apologize. Since we're opening up — can I be honest with you?'","","","",""
"flirt.banter.2.3","flirt","B1","Derin Sorular","Match","Deepening conversation","2","Haha okay, deep question? My most irrational fear is honestly butterflies. Can't explain why.","Can I ask something a little personal? || Butterflies?? Tell me the origin story.","İzinle başla: 'Can I ask something a little personal?' veya direkt 'What's your most irrational fear?' || Reaksiyon + soru: 'Butterflies?? Tell me the origin story.'","","","",""
"ielts.p1.3","ielts","B1","Part 1 — Daily Routine","IELTS Examiner","Formal exam room","3","Can you describe a typical day for you? || What time of day is best for you and why? || Has your daily routine changed recently?","On a typical day, I get up around seven and have breakfast || I'm most productive in the morning because my mind is fresh || Yes, since I started working from home, my routine has shifted","Saat + aktivite: 'On a typical day, I get up around seven and have breakfast'. 'I am usually waking up' YANLIŞ → 'I usually wake up'. || Tercih + neden: 'I'm most productive in the morning because my mind is fresh'. || Değişim: 'Yes, since I started working from home, my routine has shifted' veya 'Not really, it's pretty much the same'.","","","",""
"ielts.p2.1","ielts","B2","Part 2 — Describe a person who influenced you","IELTS Examiner","Formal exam room","3","I'd like you to describe a person who has influenced you. You'll have one minute to prepare, and then I'd like you to talk for one to two minutes. Please describe who they are, how you know them, and how they have influenced you. || Thank you. Can you tell me one specific moment that stands out? || Would you say their influence continues today?","The person I'd like to talk about is my grandmother. I've known her my whole life — she practically raised me when my parents worked. What's most memorable is her patience... || I remember once, after I failed my math exam, she sat me down and said... that stuck with me || Absolutely — whenever I face a tough decision, I catch myself asking what they would do","Yapı: 1) Kim 2) Nasıl tanıdın 3) Etkisi. Örnek başlangıç: 'The person I'd like to talk about is my grandmother. I've known her my whole life — she practically raised me when my parents worked. What's most memorable is her patience...'. Türk öğrenci kısa cevap verme tuzağına düşer; en az 5-6 cümle konuş. || Spesifik anı + alıntı: 'I remember once, after I failed my math exam, she sat me down and said... that stuck with me'. || Süreklilik: 'Absolutely — whenever I face a tough decision, I catch myself asking what they would do'.","","","",""
"ielts.p3.2","ielts","C1","Part 3 — Modern Travel & Tourism","IELTS Examiner","Formal exam room","3","Has tourism changed for the better in recent decades? || Should there be limits on tourist numbers? || Do you think online reviews have changed how we travel?","In some ways yes — it's more accessible. But overtourism has made certain cities almost unlivable for locals || In sensitive cases like Venice, daily caps are essential — otherwise the city's fabric continues to degrade || Massively — but ironically, they've homogenized travel. Everyone goes to the same top-10 list","Balanced: 'In some ways yes — it's more accessible. But overtourism has made certain cities almost unlivable for locals'. || Spesifik örnek: 'In sensitive cases like Venice, daily caps are essential — otherwise the city's fabric continues to degrade'. || Etki: 'Massively — but ironically, they've homogenized travel. Everyone goes to the same top-10 list'.","","","",""
"ielts.p3.5","ielts","C2","Part 3 — Globalization & Cultural Identity","IELTS Examiner","Formal exam room","3","We've been discussing travel. Now I'd like to ask some broader questions. To what extent has globalization affected your country's culture? || Some people argue that cultural homogenization is inevitable. What's your view? || What are the implications of economic migration on host countries?","To a large extent, yes — on the one hand, global brands are everywhere, but it could be said that local traditions still hold strong in places like the family kitchen. || Arguably, some homogenization is inevitable — global media reaches everyone. However, cultures often push back; we're seeing renewed interest in local crafts and languages. || The implications are multifaceted. Economically, migration often fills labour gaps and boosts the tax base. Culturally, however, integration can create tensions if not managed thoughtfully.","Concession opener: 'To a large extent, yes — on the one hand, global brands are everywhere, but it could be said that local traditions still hold strong in places like the family kitchen.' || Hedged stance: 'Arguably, some homogenization is inevitable — global media reaches everyone. However, cultures often push back; we're seeing renewed interest in local crafts and languages.' || Multi-angle answer: 'The implications are multifaceted. Economically, migration often fills labour gaps and boosts the tax base. Culturally, however, integration can create tensions if not managed thoughtfully.'","","","",""
"order.bar.7.11","order","A2","Last Call — Son Sipariş","Bartender","Late-night bar, 1 AM, closing soon","3","Last call, folks! Anyone want one more? || You got it. Same as before? || Cool. What time do you need to be out by? || We close at two. So you've got like twenty minutes.","One for the road, please || Same, please || What time do you close?","Son içki: 'Yeah, one more' veya 'One for the road, please'. Bitir: 'I'm good, thanks'. || Aynı: 'Same, please' veya değişiklik: 'Switch to a whiskey this time'. || Saat sor: 'What time do you close?' veya 'I'll head out in fifteen'.","","","",""
"order.bar.7.35","order","B1","Sarap Bari — Kadeh mi Sise mi","Wine bar server","Wine bar, two guests","3","Hi, looking at the wine list? || If you're both having two, the bottle's usually better value. What kind do you like? || Got it. There's a Spanish Garnacha — fruity, easy-drinking, thirty-two for the bottle. || Of course — small taste, on me. Then you decide.","We're deciding between glasses and a bottle || We usually go for medium-bodied reds || Could we try a glass first?","B1: 'We're deciding between glasses and a bottle'. || B1: 'We usually go for medium-bodied reds'. || B1: 'Could we try a glass first?' veya 'Let's do the bottle'.","","","",""
